,사고번호,사고일시,요일,시군구,사고내용,사망자수,중상자수,경상자수,부상신고자수,사고유형,법규위반,노면상태,기상상태,도로형태,가해운전자 차종,가해운전자 성별,가해운전자 연령,가해운전자 상해정도,피해운전자 차종,피해운전자 성별,피해운전자 연령,피해운전자 상해정도
1006,2019022100100564,2019년 2월 21일 20시,목요일,울산광역시 동구 방어동,경상사고,0,0,1,0,차대사람 - 기타,안전운전불이행,포장 - 건조,맑음,기타 - 기타,승용,남,47세,기타불명,보행자,남,61세,경상
1007,2019022100100565,2019년 2월 21일 20시,목요일,울산광역시 울주군 두동면,중상사고,0,1,0,0,차대사람 - 횡단중,과속,포장 - 건조,맑음,교차로 - 교차로안,승용,남,28세,상해없음,보행자,여,75세,중상
1008,2019022200100071,2019년 2월 22일 04시,금요일,울산광역시 남구 삼산동,부상신고사고,0,0,0,1,차대사람 - 기타,안전운전불이행,포장 - 건조,맑음,교차로 - 교차로부근,기타불명,기타불명,미분류,기타불명,보행자,여,21세,부상신고
1009,2019022200100147,2019년 2월 22일 08시,금요일,울산광역시 울주군 온산읍,사망사고,1,0,0,0,차대사람 - 기타,안전운전불이행,포장 - 건조,맑음,단일로 - 기타,승용,남,32세,상해없음,보행자,남,45세,사망
1010,2019022200100528,2019년 2월 22일 20시,금요일,울산광역시 동구 화정동,중상사고,0,1,0,0,차대사람 - 횡단중,보행자보호의무위반,포장 - 건조,맑음,단일로 - 기타,승용,남,61세,상해없음,보행자,남,59세,중상
1011,2019022300100079,2019년 2월 23일 03시,토요일,울산광역시 중구 학성동,경상사고,0,0,1,0,차대사람 - 기타,안전운전불이행,포장 - 건조,맑음,단일로 - 기타,화물,남,37세,상해없음,보행자,여,62세,경상
1012,2019022300100090,2019년 2월 23일 04시,토요일,울산광역시 남구 삼산동,중상사고,0,1,0,0,차대사람 - 횡단중,안전운전불이행,포장 - 건조,맑음,단일로 - 기타,승합,남,52세,상해없음,보행자,여,54세,중상
1013,2019022300100282,2019년 2월 23일 12시,토요일,울산광역시 울주군 웅촌면,중상사고,0,1,0,0,차대사람 - 횡단중,보행자보호의무위반,포장 - 건조,맑음,단일로 - 기타,승합,남,64세,상해없음,보행자,남,15세,중상
1014,2019022400100208,2019년 2월 24일 13시,일요일,울산광역시 남구 무거동,중상사고,0,1,0,0,차대사람 - 길가장자리구역통행중,안전운전불이행,포장 - 건조,맑음,교차로 - 교차로안,승용,남,49세,상해없음,보행자,남,13세,중상
1015,2019022400100452,2019년 2월 24일 23시,일요일,울산광역시 울주군 온양읍,경상사고,0,0,1,0,차대사람 - 기타,안전운전불이행,포장 - 건조,맑음,단일로 - 기타,승용,남,63세,상해없음,보행자,남,46세,경상
1016,2019022500100330,2019년 2월 25일 14시,월요일,울산광역시 중구 반구동,중상사고,0,1,0,0,차대사람 - 길가장자리구역통행중,안전운전불이행,포장 - 건조,맑음,교차로 - 교차로안,승용,여,24세,상해없음,보행자,여,81세,중상
1017,2019022500100331,2019년 2월 25일 14시,월요일,울산광역시 동구 방어동,경상사고,0,0,1,0,차대사람 - 기타,안전운전불이행,포장 - 건조,맑음,단일로 - 기타,승합,남,49세,기타불명,보행자,여,63세,경상
1018,2019022700100396,2019년 2월 27일 17시,수요일,울산광역시 북구 염포동,중상사고,0,1,0,0,차대사람 - 기타,기타,포장 - 건조,맑음,단일로 - 기타,승합,남,56세,상해없음,보행자,여,72세,중상
1019,2019022800100038,2019년 2월 28일 00시,목요일,울산광역시 남구 신정동,중상사고,0,1,0,0,차대사람 - 횡단중,안전운전불이행,포장 - 젖음/습기,비,단일로 - 기타,승용,남,61세,상해없음,보행자,남,32세,중상
1020,2019022800100142,2019년 2월 28일 08시,목요일,울산광역시 울주군 상북면,경상사고,0,0,1,0,차대사람 - 횡단중,안전운전불이행,포장 - 건조,맑음,단일로 - 기타,기타불명,기타불명,미분류,기타불명,보행자,여,20세,경상
1021,2019022800100529,2019년 2월 28일 19시,목요일,울산광역시 북구 화봉동,경상사고,0,0,1,0,차대사람 - 기타,안전운전불이행,포장 - 건조,맑음,단일로 - 기타,승용,여,52세,상해없음,보행자,여,60세,경상
1022,2019030100100283,2019년 3월 1일 14시,금요일,울산광역시 중구 동동,경상사고,0,0,1,0,차대사람 - 횡단중,안전운전불이행,포장 - 건조,맑음,단일로 - 기타,승용,여,52세,상해없음,보행자,여,62세,경상
1023,2019030100100446,2019년 3월 1일 20시,금요일,울산광역시 중구 남외동,경상사고,0,0,1,0,차대사람 - 기타,안전운전불이행,포장 - 건조,맑음,교차로 - 교차로부근,승용,남,57세,상해없음,보행자,남,48세,경상
1024,2019030100100464,2019년 3월 1일 21시,금요일,울산광역시 남구 달동,경상사고,0,0,1,0,차대사람 - 차도통행중,중앙선침범,포장 - 건조,맑음,단일로 - 기타,승용,남,24세,상해없음,보행자,남,14세,경상
1025,2019030200100081,2019년 3월 2일 06시,토요일,울산광역시 남구 달동,중상사고,0,1,0,0,차대사람 - 길가장자리구역통행중,안전운전불이행,포장 - 건조,맑음,교차로 - 교차로부근,승용,남,25세,상해없음,보행자,여,20세,중상
1026,2019030300100366,2019년 3월 3일 21시,일요일,울산광역시 남구 무거동,중상사고,0,1,0,0,차대사람 - 횡단중,안전운전불이행,포장 - 건조,맑음,교차로 - 교차로횡단보도내,승용,남,57세,상해없음,보행자,남,61세,중상
1027,2019030400100153,2019년 3월 4일 10시,월요일,울산광역시 동구 서부동,경상사고,0,0,1,0,차대사람 - 보도통행중,보행자보호의무위반,포장 - 건조,맑음,단일로 - 기타,승용,여,35세,상해없음,보행자,여,58세,경상
1028,2019030400100434,2019년 3월 4일 18시,월요일,울산광역시 울주군 범서읍,경상사고,0,0,1,0,차대사람 - 기타,안전운전불이행,포장 - 건조,맑음,단일로 - 기타,승용,여,33세,상해없음,보행자,남,83세,경상
1029,2019030400100554,2019년 3월 4일 23시,월요일,울산광역시 남구 옥동,중상사고,0,1,0,0,차대사람 - 차도통행중,안전운전불이행,포장 - 건조,맑음,교차로 - 교차로부근,승용,남,65세,상해없음,보행자,남,20세,중상
1030,2019030500100450,2019년 3월 5일 19시,화요일,울산광역시 울주군 범서읍,중상사고,0,1,1,0,차대사람 - 기타,보행자보호의무위반,포장 - 건조,맑음,교차로 - 교차로부근,원동기,남,48세,경상,보행자,여,12세,중상
1031,2019030500100492,2019년 3월 5일 21시,화요일,울산광역시 중구 복산동,경상사고,0,0,1,0,차대사람 - 기타,안전운전불이행,포장 - 건조,맑음,교차로 - 교차로부근,승용,남,41세,상해없음,보행자,남,72세,경상
1032,2019030600100102,2019년 3월 6일 07시,수요일,울산광역시 북구 천곡동,부상신고사고,0,0,0,1,차대사람 - 횡단중,보행자보호의무위반,포장 - 건조,맑음,교차로 - 교차로횡단보도내,기타불명,기타불명,미분류,기타불명,보행자,여,62세,부상신고
1033,2019030600100332,2019년 3월 6일 14시,수요일,울산광역시 남구 옥동,경상사고,0,0,1,0,차대사람 - 횡단중,안전운전불이행,포장 - 건조,맑음,단일로 - 기타,승용,여,28세,상해없음,보행자,남,8세,경상
1034,2019030700100524,2019년 3월 7일 19시,목요일,울산광역시 중구 태화동,경상사고,0,0,1,0,차대사람 - 횡단중,보행자보호의무위반,포장 - 건조,맑음,교차로 - 교차로횡단보도내,승용,남,64세,상해없음,보행자,남,41세,경상
1035,2019030800100052,2019년 3월 8일 04시,금요일,울산광역시 남구 달동,중상사고,0,1,0,0,차대사람 - 횡단중,신호위반,포장 - 건조,맑음,교차로 - 교차로부근,승용,남,69세,상해없음,보행자,여,26세,중상
1036,2019030800100114,2019년 3월 8일 07시,금요일,울산광역시 동구 방어동,경상사고,0,0,1,0,차대사람 - 기타,안전운전불이행,포장 - 건조,맑음,단일로 - 기타,화물,남,62세,상해없음,보행자,여,58세,경상
1037,2019030800100431,2019년 3월 8일 15시,금요일,울산광역시 중구 반구동,중상사고,0,1,0,0,차대사람 - 기타,안전운전불이행,포장 - 건조,맑음,교차로 - 교차로안,승용,여,53세,상해없음,보행자,남,63세,중상
1038,2019030800100629,2019년 3월 8일 19시,금요일,울산광역시 남구 삼산동,경상사고,0,0,1,0,차대사람 - 차도통행중,안전운전불이행,포장 - 건조,맑음,교차로 - 교차로안,승용,여,27세,상해없음,보행자,여,22세,경상
1039,2019030900100135,2019년 3월 9일 07시,토요일,울산광역시 동구 방어동,경상사고,0,0,1,0,차대사람 - 기타,안전운전불이행,포장 - 건조,맑음,교차로 - 교차로부근,승용,여,53세,상해없음,보행자,남,27세,경상
1040,2019030900100346,2019년 3월 9일 14시,토요일,울산광역시 남구 삼산동,경상사고,0,0,1,0,차대사람 - 보도통행중,기타,포장 - 건조,맑음,단일로 - 기타,화물,남,42세,상해없음,보행자,여,14세,경상
1041,2019030900100384,2019년 3월 9일 15시,토요일,울산광역시 동구 서부동,중상사고,0,1,0,0,차대사람 - 기타,안전운전불이행,포장 - 건조,맑음,단일로 - 기타,승합,남,58세,상해없음,보행자,여,76세,중상
1042,2019030900100469,2019년 3월 9일 17시,토요일,울산광역시 남구 신정동,중상사고,0,1,0,0,차대사람 - 길가장자리구역통행중,안전운전불이행,포장 - 건조,맑음,단일로 - 기타,승용,여,47세,상해없음,보행자,여,21세,중상
1043,2019031000100105,2019년 3월 10일 06시,일요일,울산광역시 남구 달동,경상사고,0,0,1,0,차대사람 - 횡단중,보행자보호의무위반,포장 - 젖음/습기,비,교차로 - 교차로횡단보도내,승용,남,53세,상해없음,보행자,여,62세,경상
1044,2019031000100267,2019년 3월 10일 15시,일요일,울산광역시 남구 무거동,경상사고,0,0,1,0,차대사람 - 횡단중,보행자보호의무위반,포장 - 젖음/습기,비,교차로 - 교차로횡단보도내,승용,여,24세,상해없음,보행자,남,11세,경상
1045,2019031100100095,2019년 3월 11일 07시,월요일,울산광역시 북구 매곡동,중상사고,0,1,0,0,차대사람 - 횡단중,중앙선침범,포장 - 건조,맑음,단일로 - 기타,승용,여,61세,상해없음,보행자,여,63세,중상
1046,2019031100100308,2019년 3월 11일 14시,월요일,울산광역시 동구 방어동,경상사고,0,0,1,0,차대사람 - 기타,안전운전불이행,포장 - 건조,맑음,단일로 - 기타,기타불명,기타불명,미분류,기타불명,보행자,남,58세,경상
1047,2019031100100309,2019년 3월 11일 14시,월요일,울산광역시 울주군 삼남면,경상사고,0,0,1,0,차대사람 - 횡단중,안전운전불이행,포장 - 건조,맑음,단일로 - 기타,승용,여,42세,상해없음,보행자,남,69세,경상
1048,2019031100100377,2019년 3월 11일 16시,월요일,울산광역시 남구 무거동,중상사고,0,1,0,0,차대사람 - 기타,안전운전불이행,포장 - 건조,맑음,단일로 - 기타,자전거,여,24세,중상,보행자,남,71세,상해없음
1049,2019031100100561,2019년 3월 11일 21시,월요일,울산광역시 남구 달동,경상사고,0,0,1,0,차대사람 - 기타,안전운전불이행,포장 - 건조,맑음,단일로 - 기타,특수,남,23세,상해없음,보행자,남,47세,경상
1050,2019031200100562,2019년 3월 12일 21시,화요일,울산광역시 중구 성안동,경상사고,0,0,1,0,차대사람 - 차도통행중,신호위반,포장 - 젖음/습기,비,교차로 - 교차로안,승용,남,55세,상해없음,보행자,여,21세,경상
1051,2019031200100563,2019년 3월 12일 21시,화요일,울산광역시 남구 신정동,경상사고,0,0,1,0,차대사람 - 기타,안전운전불이행,포장 - 젖음/습기,비,단일로 - 기타,승용,남,25세,상해없음,보행자,남,52세,경상
1052,2019031200100565,2019년 3월 12일 21시,화요일,울산광역시 남구 달동,경상사고,0,0,1,0,차대사람 - 횡단중,안전운전불이행,포장 - 젖음/습기,비,단일로 - 기타,승용,남,54세,상해없음,보행자,남,59세,경상
1053,2019031300100307,2019년 3월 13일 13시,수요일,울산광역시 북구 매곡동,중상사고,0,1,0,0,차대사람 - 횡단중,중앙선침범,포장 - 건조,맑음,단일로 - 기타,화물,남,36세,상해없음,보행자,남,80세,중상
1054,2019031300100500,2019년 3월 13일 18시,수요일,울산광역시 동구 방어동,경상사고,0,0,1,0,차대사람 - 보도통행중,보행자보호의무위반,포장 - 건조,맑음,단일로 - 기타,승용,남,34세,상해없음,보행자,여,5세,경상
1055,2019031300100545,2019년 3월 13일 19시,수요일,울산광역시 중구 성남동,중상사고,0,1,0,0,차대사람 - 횡단중,안전운전불이행,포장 - 건조,맑음,단일로 - 기타,화물,남,56세,상해없음,보행자,여,61세,중상
1056,2019031300100577,2019년 3월 13일 20시,수요일,울산광역시 중구 학성동,경상사고,0,0,1,0,차대사람 - 차도통행중,안전운전불이행,포장 - 건조,맑음,단일로 - 기타,승용,남,41세,상해없음,보행자,여,64세,경상
1057,2019031300100638,2019년 3월 13일 22시,수요일,울산광역시 남구 신정동,중상사고,0,1,0,0,차대사람 - 횡단중,신호위반,포장 - 건조,맑음,교차로 - 교차로횡단보도내,승용,여,32세,상해없음,보행자,여,50세,중상
1058,2019031400100070,2019년 3월 14일 05시,목요일,울산광역시 울주군 청량읍,사망사고,1,0,0,0,차대사람 - 횡단중,안전운전불이행,포장 - 건조,맑음,교차로 - 교차로부근,승용,남,69세,상해없음,보행자,여,77세,사망
1059,2019031400100108,2019년 3월 14일 07시,목요일,울산광역시 울주군 범서읍,경상사고,0,0,1,0,차대사람 - 보도통행중,보행자보호의무위반,포장 - 건조,맑음,교차로 - 교차로횡단보도내,승용,남,45세,상해없음,보행자,남,15세,경상
1060,2019031500100305,2019년 3월 15일 13시,금요일,울산광역시 북구 효문동,경상사고,0,0,1,0,차대사람 - 길가장자리구역통행중,안전운전불이행,포장 - 건조,맑음,단일로 - 기타,승합,남,47세,상해없음,보행자,여,32세,경상
1061,2019031500100592,2019년 3월 15일 19시,금요일,울산광역시 남구 삼산동,경상사고,0,0,1,0,차대사람 - 횡단중,안전운전불이행,포장 - 건조,맑음,교차로 - 교차로부근,승용,여,22세,상해없음,보행자,남,23세,경상
1062,2019031500100677,2019년 3월 15일 21시,금요일,울산광역시 중구 남외동,중상사고,0,1,1,0,차대사람 - 횡단중,안전운전불이행,포장 - 젖음/습기,비,단일로 - 기타,화물,남,33세,상해없음,보행자,여,15세,경상
1063,2019031500100678,2019년 3월 15일 21시,금요일,울산광역시 북구 진장동,경상사고,0,0,1,0,차대사람 - 횡단중,안전운전불이행,포장 - 젖음/습기,비,교차로 - 교차로안,승용,남,64세,상해없음,보행자,남,23세,경상
1064,2019031500100679,2019년 3월 15일 21시,금요일,울산광역시 남구 달동,중상사고,0,1,0,0,차대사람 - 횡단중,보행자보호의무위반,포장 - 젖음/습기,비,교차로 - 교차로부근,승용,여,54세,상해없음,보행자,여,19세,중상
1065,2019031600100567,2019년 3월 16일 20시,토요일,울산광역시 울주군 온양읍,경상사고,0,0,1,0,차대사람 - 길가장자리구역통행중,안전운전불이행,포장 - 건조,맑음,단일로 - 기타,승합,남,60세,상해없음,보행자,여,55세,경상
1066,2019031700100502,2019년 3월 17일 22시,일요일,울산광역시 북구 신천동,경상사고,0,0,1,0,차대사람 - 횡단중,신호위반,포장 - 건조,맑음,교차로 - 교차로횡단보도내,승용,여,30세,상해없음,보행자,남,16세,경상
1067,2019031800100294,2019년 3월 18일 13시,월요일,울산광역시 남구 옥동,중상사고,0,1,0,0,차대사람 - 기타,보행자보호의무위반,포장 - 건조,맑음,교차로 - 교차로안,승용,여,39세,상해없음,보행자,여,7세,중상
1068,2019031800100461,2019년 3월 18일 18시,월요일,울산광역시 남구 신정동,부상신고사고,0,0,0,1,차대사람 - 차도통행중,안전운전불이행,포장 - 건조,맑음,교차로 - 교차로안,승용,남,31세,상해없음,보행자,남,60세,부상신고
1069,2019031900100303,2019년 3월 19일 14시,화요일,울산광역시 중구 반구동,중상사고,0,1,0,0,차대사람 - 차도통행중,기타,포장 - 건조,맑음,단일로 - 기타,승용,여,36세,상해없음,보행자,남,7세,중상
1070,2019031900100372,2019년 3월 19일 16시,화요일,울산광역시 중구 유곡동,중상사고,0,1,0,0,차대사람 - 횡단중,안전운전불이행,포장 - 건조,맑음,단일로 - 기타,승합,여,39세,상해없음,보행자,남,10세,중상
1071,2019031900100446,2019년 3월 19일 18시,화요일,울산광역시 동구 동부동,중상사고,0,1,0,0,차대사람 - 기타,안전운전불이행,포장 - 건조,맑음,단일로 - 기타,승용,남,46세,상해없음,보행자,남,7세,중상
1072,2019032000100267,2019년 3월 20일 12시,수요일,울산광역시 남구 달동,중상사고,0,1,0,0,차대사람 - 길가장자리구역통행중,안전운전불이행,포장 - 건조,맑음,단일로 - 기타,승용,여,60세,상해없음,보행자,여,25세,중상
1073,2019032000100297,2019년 3월 20일 13시,수요일,울산광역시 남구 무거동,경상사고,0,0,1,0,차대사람 - 횡단중,신호위반,포장 - 건조,맑음,교차로 - 교차로안,승용,남,39세,상해없음,보행자,남,8세,경상
1074,2019032000100496,2019년 3월 20일 18시,수요일,울산광역시 남구 무거동,중상사고,0,1,0,0,차대사람 - 차도통행중,안전운전불이행,포장 - 건조,맑음,단일로 - 기타,승용,남,28세,상해없음,보행자,남,63세,중상
1075,2019032000100611,2019년 3월 20일 20시,수요일,울산광역시 남구 야음동,경상사고,0,0,1,0,차대사람 - 횡단중,안전운전불이행,포장 - 젖음/습기,비,교차로 - 교차로안,승용,남,31세,상해없음,보행자,남,61세,경상
1076,2019032000100612,2019년 3월 20일 20시,수요일,울산광역시 북구 염포동,경상사고,0,0,1,0,차대사람 - 횡단중,안전운전불이행,포장 - 젖음/습기,비,기타 - 기타,승용,남,59세,상해없음,보행자,남,34세,경상
1077,2019032100100496,2019년 3월 21일 18시,목요일,울산광역시 울주군 온양읍,중상사고,0,1,0,0,차대사람 - 횡단중,보행자보호의무위반,포장 - 건조,맑음,교차로 - 교차로부근,승용,여,49세,상해없음,보행자,남,27세,중상
1078,2019032200100065,2019년 3월 22일 04시,금요일,울산광역시 남구 신정동,중상사고,0,1,0,0,차대사람 - 횡단중,안전운전불이행,포장 - 건조,맑음,교차로 - 교차로안,승용,남,64세,상해없음,보행자,남,79세,중상
1079,2019032200100072,2019년 3월 22일 05시,금요일,울산광역시 남구 삼산동,중상사고,0,1,1,0,차대사람 - 횡단중,안전운전불이행,포장 - 건조,맑음,단일로 - 기타,이륜,남,65세,경상,보행자,여,81세,중상
1080,2019032200100323,2019년 3월 22일 14시,금요일,울산광역시 동구 방어동,경상사고,0,0,1,0,차대사람 - 보도통행중,보행자보호의무위반,포장 - 건조,맑음,기타 - 기타,승용,남,31세,상해없음,보행자,여,8세,경상
1081,2019032200100578,2019년 3월 22일 20시,금요일,울산광역시 남구 달동,중상사고,0,1,0,0,차대사람 - 횡단중,안전운전불이행,포장 - 건조,맑음,단일로 - 기타,승용,남,64세,상해없음,보행자,남,46세,중상
1082,2019032200100579,2019년 3월 22일 20시,금요일,울산광역시 남구 삼산동,경상사고,0,0,1,0,차대사람 - 차도통행중,안전운전불이행,포장 - 건조,맑음,단일로 - 기타,승용,여,40세,상해없음,보행자,여,12세,경상
1083,2019032300100464,2019년 3월 23일 17시,토요일,울산광역시 울주군 온산읍,경상사고,0,0,1,0,차대사람 - 기타,안전운전불이행,포장 - 건조,맑음,기타 - 기타,기타불명,기타불명,미분류,기타불명,보행자,남,13세,경상
1084,2019032300100607,2019년 3월 23일 22시,토요일,울산광역시 남구 삼산동,경상사고,0,0,1,0,차대사람 - 횡단중,안전운전불이행,포장 - 건조,맑음,교차로 - 교차로부근,승용,남,72세,상해없음,보행자,남,61세,경상
1085,2019032400100268,2019년 3월 24일 13시,일요일,울산광역시 동구 방어동,경상사고,0,0,1,0,차대사람 - 기타,안전운전불이행,포장 - 건조,맑음,단일로 - 기타,승용,남,48세,상해없음,보행자,여,39세,경상
1086,2019032400100525,2019년 3월 24일 23시,일요일,울산광역시 남구 달동,경상사고,0,0,1,0,차대사람 - 기타,안전운전불이행,포장 - 기타,맑음,교차로 - 교차로안,승용,남,66세,상해없음,보행자,남,52세,경상
1087,2019032500100314,2019년 3월 25일 14시,월요일,울산광역시 중구 서동,부상신고사고,0,0,0,1,차대사람 - 보도통행중,안전거리미확보,포장 - 건조,맑음,교차로 - 교차로부근,승용,남,57세,상해없음,보행자,남,60세,부상신고
1088,2019032500100614,2019년 3월 25일 23시,월요일,울산광역시 중구 반구동,경상사고,0,0,1,0,차대사람 - 기타,안전운전불이행,포장 - 건조,맑음,교차로 - 교차로안,승용,남,64세,상해없음,보행자,남,50세,경상
1089,2019032600100301,2019년 3월 26일 13시,화요일,울산광역시 중구 남외동,중상사고,0,1,0,0,차대사람 - 기타,안전운전불이행,포장 - 건조,맑음,단일로 - 기타,승용,여,48세,상해없음,보행자,남,64세,중상
1090,2019032600100530,2019년 3월 26일 19시,화요일,울산광역시 남구 무거동,부상신고사고,0,0,0,1,차대사람 - 횡단중,보행자보호의무위반,포장 - 건조,맑음,교차로 - 교차로횡단보도내,기타불명,기타불명,미분류,기타불명,보행자,여,30세,부상신고
1091,2019032700100038,2019년 3월 27일 01시,수요일,울산광역시 울주군 범서읍,중상사고,0,1,0,0,차대사람 - 횡단중,안전운전불이행,포장 - 건조,맑음,교차로 - 교차로안,승용,남,59세,상해없음,보행자,남,54세,중상
1092,2019032700100488,2019년 3월 27일 19시,수요일,울산광역시 울주군 언양읍,경상사고,0,0,1,0,차대사람 - 횡단중,보행자보호의무위반,포장 - 건조,맑음,교차로 - 교차로안,승용,여,26세,상해없음,보행자,여,21세,경상
1093,2019032800100057,2019년 3월 28일 03시,목요일,울산광역시 동구 화정동,중상사고,0,1,0,0,차대사람 - 횡단중,안전운전불이행,포장 - 건조,맑음,교차로 - 교차로안,승용,남,32세,상해없음,보행자,남,36세,중상
1094,2019032800100177,2019년 3월 28일 09시,목요일,울산광역시 울주군 웅촌면,경상사고,0,0,1,0,차대사람 - 기타,안전운전불이행,포장 - 건조,맑음,단일로 - 기타,승합,남,50세,상해없음,보행자,남,69세,경상
1095,2019032900100146,2019년 3월 29일 08시,금요일,울산광역시 울주군 언양읍,중상사고,0,1,0,0,차대사람 - 횡단중,신호위반,포장 - 건조,맑음,단일로 - 기타,화물,여,34세,상해없음,보행자,여,50세,중상
1096,2019032900100258,2019년 3월 29일 11시,금요일,울산광역시 중구 약사동,경상사고,0,0,1,0,차대사람 - 횡단중,안전운전불이행,포장 - 건조,맑음,교차로 - 교차로안,승용,여,44세,상해없음,보행자,남,54세,경상
1097,2019032900100324,2019년 3월 29일 13시,금요일,울산광역시 울주군 삼남면,경상사고,0,0,1,0,차대사람 - 차도통행중,안전운전불이행,포장 - 건조,맑음,단일로 - 기타,승용,남,55세,상해없음,보행자,남,34세,경상
1098,2019032900100631,2019년 3월 29일 20시,금요일,울산광역시 울주군 범서읍,중상사고,0,1,1,0,차대사람 - 횡단중,보행자보호의무위반,포장 - 건조,맑음,교차로 - 교차로안,승합,남,53세,상해없음,보행자,남,28세,경상
1099,2019033000100536,2019년 3월 30일 17시,토요일,울산광역시 울주군 범서읍,중상사고,0,1,0,0,차대사람 - 기타,안전운전불이행,포장 - 건조,맑음,단일로 - 지하차도(도로)내,승합,남,56세,상해없음,보행자,여,70세,중상
1100,2019033000100664,2019년 3월 30일 21시,토요일,울산광역시 남구 달동,중상사고,0,1,0,0,차대사람 - 횡단중,안전운전불이행,포장 - 건조,맑음,교차로 - 교차로안,이륜,남,30세,상해없음,보행자,여,55세,중상
1101,2019033100100058,2019년 3월 31일 01시,일요일,울산광역시 중구 성안동,경상사고,0,0,2,0,차대사람 - 횡단중,보행자보호의무위반,포장 - 건조,맑음,교차로 - 교차로횡단보도내,승용,남,35세,상해없음,보행자,여,25세,경상
1102,2019033100100075,2019년 3월 31일 03시,일요일,울산광역시 남구 신정동,중상사고,0,1,0,0,차대사람 - 횡단중,보행자보호의무위반,포장 - 건조,맑음,교차로 - 교차로횡단보도내,승용,남,61세,상해없음,보행자,여,46세,중상
1103,2019033100100276,2019년 3월 31일 15시,일요일,울산광역시 중구 태화동,사망사고,1,0,0,0,차대사람 - 횡단중,안전운전불이행,포장 - 건조,맑음,단일로 - 기타,승합,남,27세,상해없음,보행자,남,74세,사망
1104,2019033100100400,2019년 3월 31일 19시,일요일,울산광역시 동구 방어동,중상사고,0,1,0,0,차대사람 - 횡단중,보행자보호의무위반,포장 - 건조,맑음,교차로 - 교차로횡단보도내,승용,남,57세,상해없음,보행자,여,10세,중상
1105,2019033100100447,2019년 3월 31일 21시,일요일,울산광역시 남구 야음동,중상사고,0,1,0,0,차대사람 - 횡단중,안전운전불이행,포장 - 건조,맑음,교차로 - 교차로부근,승용,남,63세,상해없음,보행자,남,66세,중상
1106,2019033100100448,2019년 3월 31일 21시,일요일,울산광역시 남구 무거동,중상사고,0,1,0,0,차대사람 - 횡단중,보행자보호의무위반,포장 - 건조,맑음,단일로 - 기타,승용,남,55세,기타불명,보행자,여,30세,중상
1107,2019040100100044,2019년 4월 1일 01시,월요일,울산광역시 중구 남외동,중상사고,0,1,0,0,차대사람 - 횡단중,신호위반,포장 - 건조,맑음,교차로 - 교차로안,화물,남,61세,상해없음,보행자,여,33세,중상
1108,2019040100100220,2019년 4월 1일 09시,월요일,울산광역시 북구 양정동,중상사고,0,1,0,0,차대사람 - 횡단중,안전운전불이행,포장 - 건조,맑음,교차로 - 교차로안,승용,여,39세,상해없음,보행자,여,54세,중상
1109,2019040100100317,2019년 4월 1일 12시,월요일,울산광역시 울주군 상북면,중상사고,0,1,0,0,차대사람 - 길가장자리구역통행중,안전운전불이행,포장 - 건조,맑음,단일로 - 지하차도(도로)내,승합,남,46세,상해없음,보행자,남,74세,중상
1110,2019040100100350,2019년 4월 1일 13시,월요일,울산광역시 남구 달동,경상사고,0,0,1,0,차대사람 - 횡단중,신호위반,포장 - 건조,맑음,교차로 - 교차로횡단보도내,승용,여,41세,상해없음,보행자,여,25세,경상
1111,2019040100100465,2019년 4월 1일 16시,월요일,울산광역시 남구 야음동,경상사고,0,0,1,0,차대사람 - 횡단중,보행자보호의무위반,포장 - 건조,맑음,교차로 - 교차로횡단보도내,승합,남,53세,상해없음,보행자,남,9세,경상
1112,2019040100100466,2019년 4월 1일 16시,월요일,울산광역시 동구 화정동,중상사고,0,1,0,0,차대사람 - 횡단중,신호위반,포장 - 건조,맑음,단일로 - 기타,승용,여,47세,상해없음,보행자,남,22세,중상
1113,2019040100100518,2019년 4월 1일 17시,월요일,울산광역시 남구 달동,경상사고,0,0,1,0,차대사람 - 횡단중,보행자보호의무위반,포장 - 건조,맑음,교차로 - 교차로횡단보도내,승용,여,60세,상해없음,보행자,여,13세,경상
1114,2019040200100118,2019년 4월 2일 07시,화요일,울산광역시 울주군 온산읍,중상사고,0,1,0,0,차대사람 - 횡단중,신호위반,포장 - 건조,맑음,교차로 - 교차로안,승합,남,66세,상해없음,보행자,여,30세,중상
1115,2019040200100389,2019년 4월 2일 14시,화요일,울산광역시 남구 무거동,중상사고,0,1,0,0,차대사람 - 기타,기타,포장 - 건조,맑음,교차로 - 교차로부근,화물,남,61세,상해없음,보행자,여,8세,중상
1116,2019040300100123,2019년 4월 3일 07시,수요일,울산광역시 중구 학성동,경상사고,0,0,1,0,차대사람 - 횡단중,보행자보호의무위반,포장 - 건조,맑음,교차로 - 교차로안,승용,여,55세,상해없음,보행자,여,53세,경상